from,to,weight,relationship,time,,
aasm,besi,1,2,2,5,NA
aasm,kono,1,2,2,6,NA
aasm,todo,1,2,3,6,NA
aasm,padan,1,2,3,6,NA
aasm,chlo,1,2,3,2,NA
abwe,frsi,1,2,1,6,1944
abzw,gumo,1,2,2,6,NA
abzw,anca,1,2,2,6,NA
abzw,geca,1,2,3,6,NA
alca,jofi,1,1,2,6,NA
alca,chou,3,2,2,6,NA
alca,rofi,1,1,2,6,NA
alca,chfi,1,1,2,6,NA
alca,nifi,1,1,NA,6,NA
alca,anac,2,2,2,4,NA
alfr,drafa,3,2,2,6,NA
alfr,meco,1,2,2,6,1945
alle,frsi,2,2,1,4,1943
alma,frsi,1,2,1,6,NA
alsi,frsi,2,2,1,4,1946
anac,chou,3,2,2,6,NA
anac,felu,2,2,2,6,NA
anac,alca,2,2,2,4,NA
anca,gefa,1,2,2,6,NA
anca,abzw,1,2,2,6,NA
anca,geca,1,2,2,6,NA
ancar,frsi,3,2,NA,5,1969
ancar,roal,1,2,3,1,1971
ancar,cono,1,NA,2,NA,NA
anci,frsi,2,2,3,5,1963
anci,cono,3,2,1,NA,1963
anco,frsi,3,2,3,5,1961
ande,gafa,3,2,2,NA,1930
ande,caga,1,2,2,6,1972
ande,josi,2,NA,3,6,1972
ande,frsi,1,2,2,6,1972
ande,erri,1,2,2,6,1972
ande,roal,1,2,3,1,1971
ande,cono,2,2,2,NA,NA
ansc,frsi,1,2,3,5,1967
ansc,cono,1,2,2,NA,1967
anst,vimo,1,2,1,4,1956
anst,cono,3,1,2,NA,1956
avga,frsi,2,1,3,6,1951
bafa,cofa,3,2,2,4,1930
bafa,bofa,3,2,2,4,1930
besi,aasm,1,2,2,5,NA
besi,cono,1,2,2,6,NA
besi,gumo,1,2,2,6,NA
bobu,frsi,1,2,1,6,1946
bobu,jofi,1,2,3,6,1946
bofa,cono,3,2,2,4,1930
bofa,gibo,3,1,2,6,1930
bofa,lufa,3,2,2,4,1930
bofa,gifa,3,2,2,4,1930
bofa,bafa,3,2,2,4,1930
bofa,brfa,3,2,2,4,1930
bofa,cifa,3,2,2,4,1930
bofa,defa,3,2,2,4,1930
bofa,gefa,3,2,2,4,1930
bofa,mafa,3,2,2,4,1930
bofa,drafa,3,2,2,4,1930
bofa,trfa,3,2,2,4,1930
bofa,sama,3,2,2,4,1931
bofa,gadi,3,2,2,6,1964
bofa,cofa,3,2,2,4,1930
brfa,cofa,3,2,2,4,1930
brfa,bofa,3,2,2,4,1930
caci,frsi,2,2,3,5,1963
caci,nici,3,1,3,5,1963
caga,gafa,3,1,2,NA,1957
caga,ande,1,2,2,6,1972
caga,japo,2,NA,2,6,1972
caga,frsi,1,2,2,6,1972
caga,erri,1,2,2,6,1972
caga,roal,1,2,2,1,1971
caga,cono,3,2,2,NA,NA
caga,galu,2,2,2,4,NA
caga,lufa,2,2,2,4,NA
cama,frsi,1,2,3,5,1962
cama,satr,2,2,NA,5,1962
cama,cono,3,2,2,NA,1962
cama,mafa,3,1,2,NA,1962
chba,frsi,2,2,1,4,1946
chba,chfi,1,2,1,4,1946
chfi,mafi,2,1,3,6,1946
chfi,chba,1,2,1,4,1946
chfi,jofi,1,1,1,4,1946
chfi,rofi,2,1,2,6,NA
chfi,jofi,2,1,2,6,NA
chfi,alca,1,1,2,6,NA
chfi,chou,1,2,2,6,NA
chfi,nifi,1,1,NA,6,NA
chou,padam,3,2,2,NA,1963
chou,anac,3,2,2,6,NA
chou,felu,3,2,2,6,NA
chsi,naba,3,1,3,6,1948
chsi,frsi,3,1,3,6,1948
cifa,cofa,3,2,2,4,1930
cifa,bofa,3,2,2,4,1930
cofa,joma,3,2,2,6,1961
cofa,lufa,3,2,2,4,1930
cofa,bofa,3,2,2,4,1930
cofa,gifa,3,2,2,4,1930
cofa,bafa,3,2,2,4,1930
cofa,brfa,3,2,2,4,1930
cofa,cifa,3,2,2,4,1930
cofa,defa,3,2,2,4,1930
cofa,gefa,3,2,2,4,1930
cofa,mafa,3,2,2,4,1930
cofa,drafa,3,2,2,4,1930
cofa,trfa,3,2,2,4,1930
cofa,gima,3,2,2,6,1930
cono,anst,3,1,2,NA,1956
cono,satr,3,2,2,NA,1962
cono,cama,3,2,2,NA,1962
cono,anci,3,2,1,NA,1963
cono,ansc,1,2,2,NA,1967
cono,joco,3,1,2,NA,1967
cono,gima,3,2,2,4,1920
cono,bofa,3,2,2,4,1930
dasc,erri,1,2,NA,6,1972
dasc,frsi,1,2,NA,6,NA
defa,cofa,3,2,2,4,1930
defa,bofa,3,2,2,4,1930
defa,gafa,3,2,2,4,NA
defa,lufa,2,2,2,4,NA
defa,gefa,2,2,2,4,NA
dicr,frsi,3,2,1,5,1958
dicr,jofi,3,2,1,5,1958
dicr,edvo,2,2,1,5,1958
dicr,frsi,2,2,1,4,1960
dicr,pada,2,2,1,4,1960
dicr,frsi,3,2,2,4,1962
dicr,frsi,3,2,1,5,1963
dicr,frsi,3,2,3,5,1964
dicr,frwe,1,2,3,6,1966
dicr,frsi,3,2,3,6,1966
drafa,cofa,3,2,2,4,1930
drafa,bofa,3,2,2,4,1930
drafa,alfr,3,2,2,6,NA
earo,frsi,1,2,1,4,1945
edfi,frsi,2,2,1,5,1962
edro,frro,3,1,1,6,1886
edro,frsi,1,2,1,6,1944
edto,frsi,2,2,3,5,1961
edvo,frsi,1,2,1,5,1958
edvo,dicr,2,2,1,5,1958
erri,frsi,3,2,3,5,1970
erri,frsi,1,2,2,6,1972
erri,josi,1,2,2,6,1972
erri,caga,1,2,2,6,1972
erri,ande,1,2,2,6,1972
erri,roal,1,2,2,1,1971
erri,josi,1,2,1,4,1972
erri,dasc,1,2,NA,6,1972
euke,frsi,1,2,1,6,1944
euwa,frsi,1,2,1,5,1958
euwa,jodi,1,2,1,5,1958
fede,chou,3,2,2,4,1920
fede,frsi,1,2,3,5,1960
felu,anac,2,2,2,6,NA
felu,chou,3,2,2,6,NA
frankgu,gafa,1,2,2,NA,NA
frbu,roal,1,2,3,1,1971
frbu,roal,1,2,3,1,1972
frca,gefa,2,2,2,6,NA
frca,gumo,1,2,2,6,NA
frde,roal,1,2,3,2,1972
frgu,gafa,1,2,2,NA,NA
frmi,frsi,2,2,1,5,1947
frmi,frmil,2,2,2,NA,1947
frmil,frmi,2,2,2,NA,1947
frro,edro,3,1,1,6,1886
frro,frsi,1,2,1,6,1944
frros,roha,1,2,1,6,NA
frsi,sasi,3,1,3,6,1915
frsi,naga,3,1,3,6,1915
frsi,naba,2,1,1,6,1939
frsi,nasi,3,1,1,6,1940
frsi,todo,2,2,1,6,1940
frsi,todo,2,2,1,4,1942
frsi,alle,2,2,1,4,1943
frsi,frro,1,2,1,6,1944
frsi,edro,1,2,1,6,1944
frsi,abwe,1,2,3,6,1944
frsi,euke,1,2,1,6,1944
frsi,salu,1,2,NA,4,1945
frsi,moli,1,2,3,2,1945
frsi,sawe,1,2,3,6,1945
frsi,earo,1,2,1,4,1945
frsi,rofi,1,2,NA,6,1946
frsi,jofi,1,2,NA,6,1946
frsi,bobu,1,2,1,6,1946
frsi,nifi,1,2,NA,6,1946
frsi,joda,1,2,1,6,1946
frsi,stbu,1,2,1,4,1946
frsi,paro,1,2,1,5,1946
frsi,chba,2,2,1,4,1946
frsi,jofi,3,2,1,NA,1946
frsi,alsi,2,2,1,4,1946
frsi,jofi,1,2,NA,5,1947
frsi,rofi,1,2,NA,5,1947
frsi,salu,3,2,NA,5,1947
frsi,tesh,2,2,1,4,1947
frsi,jofi,3,2,2,4,1947
frsi,meco,1,2,2,4,1947
frsi,frmi,2,2,1,5,1947
frsi,salu,2,2,2,4,1947
frsi,geev,2,2,1,4,1947
frsi,joly,2,2,1,4,1947
frsi,otpr,2,2,1,4,1947
frsi,jata,1,2,1,5,1950
frsi,hesa,3,2,2,4,1950
frsi,avga,2,1,3,6,1951
frsi,jopr,1,2,3,5,1951
frsi,salu,2,2,3,5,1951
frsi,gido,2,2,2,4,1952
frsi,jodi,2,2,2,5,1954
frsi,shst,1,2,2,2,1954
frsi,macl,1,2,1,4,1955
frsi,gumo,3,2,1,4,1955
frsi,vimo,1,2,1,5,1955
frsi,jofi,2,2,1,4,1958
frsi,sagi,3,2,2,4,1958
frsi,nast,1,2,1,5,1958
frsi,jofi,3,2,1,5,1958
frsi,dicr,3,2,1,5,1958
frsi,euwa,1,2,1,5,1958
frsi,jodi,1,2,1,5,1958
frsi,edvo,1,2,1,5,1958
frsi,sagi,3,2,2,4,1959
frsi,naza,1,2,3,5,1959
frsi,rowa,1,2,3,5,1959
frsi,rofi,2,2,2,4,1959
frsi,jofo,2,2,1,4,1959
frsi,pada,3,2,1,5,1959
frsi,joke,3,2,1,4,1960
frsi,dicr,3,2,1,4,1960
frsi,pada,2,2,1,4,1960
frsi,gedu,1,2,NA,6,1960
frsi,salu,2,2,2,4,1960
frsi,pada,3,2,3,5,1960
frsi,fede,1,2,3,5,1960
frsi,jodip,1,2,1,4,1960
frsi,joke,2,2,3,5,1960
frsi,joke,2,2,1,4,1961
frsi,joke,2,2,3,5,1961
frsi,anco,3,2,3,5,1961
frsi,edto,2,2,3,5,1961
frsi,sada,3,2,1,5,1962
frsi,edfi,2,2,1,5,1962
frsi,leol,1,2,1,4,1962
frsi,jofi,3,2,3,4,1962
frsi,cama,1,2,3,5,1962
frsi,satr,1,2,3,5,1962
frsi,hesa,3,2,1,4,1962
frsi,sagi,3,2,1,4,1962
frsi,sada,3,2,2,4,1962
frsi,dicr,3,2,2,4,1962
frsi,sagi,3,2,3,NA,1963
frsi,gumo,2,2,1,NA,1963
frsi,nasi,3,1,3,5,1963
frsi,vifa,1,2,2,6,1963
frsi,gumo,3,2,2,4,1963
frsi,phmc,2,2,3,4,1963
frsi,gibo,3,2,2,4,1963
frsi,hesa,3,2,1,NA,1963
frsi,jofi,3,2,2,4,1963
frsi,dicr,3,2,1,5,1963
frsi,jofi,3,2,3,4,1963
frsi,pada,3,2,1,4,1963
frsi,anci,2,2,3,5,1963
frsi,caci,2,2,3,5,1963
frsi,nici,2,2,3,5,1963
frsi,padam,1,2,3,5,1963
frsi,sagi,3,2,3,5,1963
frsi,sagi,3,2,1,4,1964
frsi,xxfr,1,2,1,4,1964
frsi,frst,3,2,1,4,1964
frsi,rios,1,2,3,2,1964
frsi,dicr,3,2,3,5,1964
frsi,hacr,2,2,1,NA,1964
frsi,riba,3,2,NA,4,1964
frsi,sada,1,2,3,4,1964
frsi,moda,1,2,3,5,1964
frsi,mial,2,2,3,5,1964
frsi,frwe,1,2,3,2,1966
frsi,dicr,3,2,3,6,1966
frsi,ansc,1,2,3,5,1967
frsi,ancar,3,2,NA,5,1969
frsi,erri,3,2,3,5,1970
frsi,miru,2,2,1,NA,1970
frsi,caga,1,2,2,6,1972
frsi,ande,1,2,2,6,1972
frsi,erri,1,2,2,6,1972
frsi,roal,1,2,2,1,1971
frsi,josi,1,2,1,4,1972
frsi,jony,1,2,NA,6,1959
frsi,dasc,1,2,NA,6,NA
frsi,gumo,1,2,NA,5,NA
frsi,roha,1,2,3,6,NA
frsi,mafi,1,2,3,6,NA
frsi,alma,1,2,1,6,NA
frsi,sagi,3,2,3,6,NA
frsi,juim,2,2,3,6,NA
frsi,joke,3,2,3,6,NA
frsi,chsi,3,1,3,6,1948
frsin,naba,3,1,3,5,1944
frst,frsi,3,2,1,4,1964
frst,sagi,2,2,1,4,1964
frst,xxfr,1,2,1,4,1964
frwe,frsi,1,2,3,2,1966
frwe,dicr,1,2,3,6,1966
frwei,frsi,1,2,3,1,1974
frwei,erri,1,2,3,1,1974
frwei,jear,1,2,3,1,1974
gadi,bofa,3,2,2,6,1964
gafa,galu,3,1,2,6,NA
gafa,lufa,2,2,2,4,NA
gafa,defa,3,2,2,4,NA
galu,caga,2,2,2,4,NA
galu,lufa,3,1,2,6,NA
galu,gafa,3,1,2,6,NA
geca,anca,1,2,2,6,NA
geca,gefa,3,2,2,6,NA
geca,abzw,1,2,3,6,NA
geca,gumo,1,2,3,6,NA
gedu,frsi,1,2,NA,6,1960
geev,frst,2,2,1,4,1947
gefa,gima,3,1,2,6,1922
gefa,cofa,3,2,2,4,1930
gefa,bofa,3,2,2,4,1930
gefa,jomas,3,1,2,6,1922
gefa,anca,1,2,2,6,NA
gefa,geca,3,2,2,6,NA
gefa,defa,2,2,2,4,NA
gibo,frsi,3,2,2,4,1963
gibo,bofa,3,1,2,6,1930
gido,frsi,2,2,2,4,1952
gido,jata,1,2,2,4,1952
gido,gumo,1,2,2,6,NA
gifa,cofa,3,2,2,4,1930
gifa,bofa,3,2,2,4,1930
gima,cono,3,2,2,4,1920
gima,gefa,3,1,2,6,1922
gima,cofa,3,2,2,6,1930
gumo,jata,1,2,2,4,1952
gumo,frsi,3,2,1,4,1955
gumo,frsi,2,2,1,NA,1963
gumo,frsi,3,2,2,4,1963
gumo,frsi,1,2,NA,5,NA
gumo,frca,1,2,2,6,NA
gumo,gido,1,2,2,6,NA
gumo,abzw,1,2,2,6,NA
gumo,mesu,1,2,2,6,NA
gumo,besi,1,2,2,6,NA
gumo,jera,3,2,2,NA,NA
gumo,geca,1,2,3,6,NA
hacr,frsi,2,2,1,NA,1964
hesa,jata,1,2,1,4,1950
hesa,frsi,3,2,2,4,1950
hesa,frsi,3,2,1,4,1962
hesa,frsi,3,2,1,NA,1963
japo,roal,1,2,1,4,1972
jata,frsi,2,2,NA,4,1948
jata,frsi,1,2,1,5,1950
jata,hesa,1,2,1,4,1950
jata,gido,1,2,2,4,1952
jata,gumo,1,2,2,4,1952
jera,gumo,3,2,2,NA,NA
joba,frsi,1,2,3,1,1972
joco,cono,3,1,2,NA,1967
joda,frsi,1,2,1,6,1946
joda,viru,1,2,1,6,1946
jodi,shst,2,2,2,2,1954
jodi,frsi,1,2,1,5,1958
jodi,euwa,1,2,1,5,1958
jodip,frsi,1,2,1,4,1960
jodip,drafa,3,1,2,NA,NA
jofi,frsi,1,2,NA,6,1946
jofi,bobu,1,2,3,6,1946
jofi,frsi,3,2,1,NA,1946
jofi,chfi,1,1,1,4,1946
jofi,frsi,1,2,NA,5,1947
jofi,rofi,3,1,NA,5,1947
jofi,salu,1,2,NA,5,1947
jofi,frsi,3,2,2,4,1947
jofi,frsi,2,2,1,4,1958
jofi,frsi,3,2,1,5,1958
jofi,dicr,3,2,1,5,1958
jofi,frsi,3,2,3,4,1962
jofi,frsi,3,2,2,4,1963
jofi,frsi,3,2,3,4,1963
jofi,rofi,2,1,2,6,NA
jofi,alca,1,1,2,6,NA
jofi,chou,1,2,2,6,NA
jofi,chfi,2,1,2,6,NA
jofi,mafi,2,1,3,6,NA
jofi,nifi,1,1,NA,6,NA
jofo,frsi,2,2,1,4,1959
joga,gafa,1,2,2,6,1957
joga,roal,1,2,3,1,1971
joga,cono,1,2,2,NA,NA
jogi,frsi,2,2,2,5,1954
joke,frsi,3,2,1,4,1960
joke,frsi,2,2,3,5,1960
joke,frsi,2,2,1,4,1961
joke,frsi,2,2,3,5,1961
joly,meco,2,2,3,5,1947
joly,frsi,2,2,1,4,1947
joma,cofa,3,2,2,6,1961
jomas,gefa,3,1,2,6,1922
jony,frsi,1,2,NA,6,NA
jopag,gefa,2,2,2,6,1946
jopag,roal,1,2,3,1,1971
jopag,cono,1,NA,2,NA,NA
jopr,frsi,1,2,3,5,1951
josi,ande,1,NA,2,6,1972
josi,erri,1,2,2,6,1972
josi,roal,1,2,2,1,1971
josi,roal,1,2,1,4,1972
josi,caga,1,1,1,4,1972
josi,frsi,1,2,1,4,1972
josi,erri,1,2,1,4,1972
joyo,cono,1,NA,2,NA,NA
juim,frsi,2,2,3,6,NA
juim,sagi,3,2,3,6,NA
juim,joke,2,2,3,6,NA
kaki,moli,1,2,NA,6,1945
leol,frsi,1,2,1,4,1962
lufa,cofa,3,2,2,4,1930
lufa,bofa,3,2,2,4,1930
lufa,galu,3,1,2,6,NA
lufa,caga,2,2,2,4,NA
lufa,gafa,2,2,2,4,NA
lufa,defa,2,2,2,4,NA
macl,frsi,1,2,1,4,1955
mafa,cofa,3,2,2,4,1930
mafa,bofa,3,2,2,4,1930
mafi,chfi,2,1,3,6,1946
mafi,rofi,2,1,3,6,NA
mafi,jofi,2,1,3,6,NA
mafi,frsi,1,2,3,6,NA
mafi,nifi,2,1,3,6,NA
meco,frsi,1,2,2,4,1947
meco,joly,2,2,3,5,1947
meco,alfr,1,2,2,6,1945
mesu,gumo,1,2,2,6,NA
mial,frsi,2,2,3,5,1964
mima,roal,1,2,3,1,1971
mima,cono,1,NA,2,NA,NA
mima,gafa,1,2,2,NA,NA
miru,frsi,2,2,1,NA,1970
moda,frsi,1,2,3,5,1964
moli,frsi,1,2,3,6,1945
moli,kaki,1,2,NA,6,1945
naba,frsi,2,1,1,6,1939
naba,nasi,3,1,1,6,1940
naba,chsi,3,1,3,6,1948
naga,sasi,3,1,3,6,1913
naga,frsi,3,1,3,6,1915
nasi,frsi,3,1,1,6,1940
nasi,naba,3,1,1,6,1940
nasi,frsi,3,1,3,5,1963
nast,frsi,1,2,1,5,1958
naza,frsi,1,2,3,5,1959
mafa,cama,3,1,2,NA,1962
nici,frsi,2,2,3,5,1963
nici,caci,3,1,3,5,1963
nifi,frsi,1,2,NA,6,1946
nifi,chfi,1,1,NA,6,NA
nifi,mafi,2,1,3,6,NA
nifi,rofi,1,1,NA,6,NA
nifi,jofi,1,1,NA,6,NA
nifi,alca,1,1,NA,6,NA
otpr,frsi,2,2,1,4,1947
pada,todo,2,1,3,6,1943
pada,frsi,3,2,1,5,1959
pada,frsi,3,2,1,4,1960
pada,dicr,2,2,1,4,1960
pada,frsi,3,2,3,5,1960
pada,frsi,3,2,1,4,1963
padam,frsi,1,2,3,5,1963
padam,chou,3,2,2,NA,1963
padan,aasm,1,2,3,6,NA
padan,chlo,1,2,3,2,NA
paro,frsi,1,2,1,5,1946
phgu,sagi,3,2,1,NA,NA
phmc,sagi,3,2,3,5,1960
phmc,frsi,2,2,3,4,1963
riba,frsi,3,2,NA,4,1964
roal,japo,1,2,1,4,1972
roal,jopag,1,2,1,4,1972
rofi,todo,1,2,2,1,1942
rofi,frsi,1,2,NA,6,1946
rofi,frsi,3,2,NA,5,1947
rofi,jofi,3,1,NA,5,1947
rofi,salu,1,2,NA,5,1947
rofi,frsi,2,2,2,4,1959
rofi,jofi,2,1,2,6,NA
rofi,chou,1,2,2,6,NA
rofi,chfi,2,1,2,6,NA
rofi,alca,1,1,2,6,NA
rofi,mafi,2,1,3,6,NA
rofi,nifi,1,1,NA,6,NA
roha,frsi,1,2,3,6,NA
roha,frros,1,2,1,6,NA
rowa,frsi,1,2,3,5,1959
sada,frsi,3,2,1,5,1962
sada,frsi,3,2,2,4,1962
sada,frsi,1,2,3,4,1964
sagi,frsi,3,2,2,4,1958
sagi,frsi,3,2,2,4,1959
sagi,phmc,3,2,3,5,1960
sagi,frsi,3,2,1,4,1962
sagi,frsi,3,2,3,NA,1963
sagi,frsi,3,2,3,5,1963
sagi,xxfr,1,2,1,4,1964
sagi,frst,2,2,1,4,1964
sagi,frsi,3,2,1,4,1964
sagi,frsi,3,2,3,6,NA
sagi,juim,3,2,3,6,NA
sagi,phgu,3,2,1,NA,NA
salu,frsi,1,2,NA,4,1945
salu,frsi,3,2,NA,5,1947
salu,jofi,1,2,NA,5,1947
salu,rofi,1,2,NA,5,1947
salu,frsi,2,2,2,4,1947
salu,frsi,2,2,3,5,1951
salu,frsi,2,2,2,4,1960
salu,gima,3,2,2,3,1931
salu,jomas,3,2,2,3,1931
salu,sama,3,2,2,4,1931
sama,bofa,3,2,2,4,1931
sama,salu,3,2,2,4,1931
sasi,naga,3,1,3,6,1913
sasi,frsi,3,1,3,6,1915
satr,frsi,1,2,3,5,1962
satr,cama,2,2,NA,5,1962
satr,cono,3,2,2,NA,1962
satr,trfa,3,1,2,NA,1962
sawa,frsi,1,2,3,1,1970
sawe,moli,1,2,NA,2,1945
sawe,frsi,1,2,3,6,1945
shst,frsi,1,2,2,2,1954
shst,jodi,2,2,2,2,1954
stbu,frsi,1,2,1,4,1946
tesh,frsi,2,2,1,4,1947
todo,frsi,2,2,1,6,1940
todo,frsi,2,2,1,4,1942
todo,rofi,1,2,2,1,1942
todo,pada,2,1,3,6,1943
todo,aasm,1,2,3,6,NA
todo,chlo,1,2,3,2,NA
tory,cono,1,NA,2,NA,NA
trfa,satr,3,1,2,NA,1962
trfa,cofa,3,2,2,4,1930
trfa,bofa,3,2,2,4,1930
vifa,frsi,1,2,2,6,1963
vimo,frsi,1,2,1,5,1955
vimo,anst,1,2,1,4,1956
viru,joda,1,2,1,6,1946
cape,cofa,3,2,2,6,NA
cofa,cape,3,2,2,6,NA
thpe,cape,2,1,2,6,NA
cape,thpe,2,1,2,6,NA
alpe,cape,2,1,2,6,NA
cape,alpe,2,1,2,6,NA
alpe,thpe,2,1,2,6,NA
thpe,alpe,2,1,2,6,NA
cape,alper,3,1,2,6,NA
alper,cape,3,1,2,6,NA
alper,cofa,3,2,2,6,NA
cofa,alper,3,2,2,6,NA
thpe,cofa,3,2,2,6,NA
cofa,thpe,3,2,2,6,NA
alpe,cofa,3,2,2,6,NA
cofa,alpe,3,2,2,6,NA
jogal,cofa,2,2,2,6,NA
cofa,jogal,2,2,2,6,NA
cape,jogal,2,2,2,6,NA
jogal,cape,2,2,2,6,NA
jogal,cape,2,2,3,2,1961
enta,bofa,1,2,2,6,1952
bofa,enta,1,2,2,6,1952
grde,gafa,2,2,2,6,NA
gafa,grde,3,2,2,6,NA
grde,frsi,2,2,3,5,NA
frsi,grde,2,2,3,5,NA
grde,caga,2,2,2,6,NA
caga,grde,2,2,2,6,NA
grde,coca,2,2,2,6,NA
coca,grde,2,2,2,6,NA
coca,caga,2,1,2,6,NA
caga,coca,2,1,2,6,NA
coca,gafa,3,1,2,6,1976
gafa,coca,3,1,2,6,1976
grde,alfr,2,2,2,6,NA
alfr,grde,2,2,2,6,NA
jogo,grde,1,2,2,6,NA
grde,jogo,1,2,2,6,NA
jogo,gafa,3,2,2,6,NA
gafa,jogo,3,2,2,6,NA
gego,gafa,2,2,2,6,NA
gafa,gego,2,2,2,6,NA
gego,jogo,2,1,2,6,NA
jogo,gego,3,1,2,6,NA
frlo,gafa,3,2,2,6,NA
gafa,frlo,3,2,2,6,NA
frlo,jogo,3,2,2,6,NA
jogo,frlo,3,2,2,6,NA
jogo,sagr,2,2,2,6,NA
sagr,jogo,2,2,2,6,NA
sagr,gafa,2,2,2,6,NA
gafa,sagr,2,2,2,6,NA
sagr,coca,2,2,2,6,NA
coca,sagr,2,2,2,6,NA
coca,jogo,1,2,2,6,NA
jogo,coca,1,2,2,6,NA
ande,jogo,1,2,2,6,NA
jogo,ande,1,2,2,6,NA
ande,coca,2,2,2,6,NA
coca,ande,2,2,2,6,NA
drafa,igda,3,1,2,6,NA
igda,drafa,3,1,2,6,NA
jokl,frsi,3,2,1,5,NA
frsi,jokl,3,2,1,5,NA
raca,alca,2,1,2,6,1899
alca,raca,2,1,2,6,1899
raca,chou,1,2,2,6,NA
chou,raca,1,2,2,6,NA
rapa,gefa,3,2,2,4,NA
gefa,rapa,3,2,2,4,NA
rapa,cofa,3,2,2,4,NA
cofa,rapa,3,2,2,4,NA
naba,frsin,3,1,3,5,1944
frsin,frsi,3,1,3,5,1944
frsi,frsin,3,1,3,5,1944
mafar,frsi,3,1,3,5,1966
frsi,mafar,3,1,3,5,1966
nasi,frsin,3,1,1,5,1944
frsin,nasi,3,1,1,5,1944
frsin,chsi,3,1,1,5,1948
chsi,frsin,3,1,1,5,1948
chsi,nasi,3,1,1,5,1948
nasi,chsi,3,1,1,5,1948
frsi,sada,3,2,1,5,1959
sada,frsi,3,2,1,5,1959
frsi,dicr,3,2,1,5,1959
dicr,frsi,3,2,1,5,1959
frsi,jogot,3,2,1,5,1959
jogot,frsi,3,2,1,5,1959
frsi,peay,3,2,1,5,1959
peay,frsi,3,2,1,5,1959
frsi,bepe,3,2,1,5,1959
bepe,frsi,3,2,1,5,1959
frsi,frgum,3,2,1,5,1959
frgum,frsi,3,2,1,5,1959
frsi,shbe,3,2,1,5,1959
shbe,frsi,3,2,1,5,1959
sada,dicr,3,2,1,5,1959
dicr,sada,3,2,1,5,1959
sada,jogot,3,2,1,5,1959
jogot,sada,3,2,1,5,1959
sada,peay,3,2,1,5,1959
peay,sada,3,2,1,5,1959
sada,bepe,3,2,1,5,1959
bepe,sada,3,2,1,5,1959
sada,frgum,3,2,1,5,1959
frgum,sada,3,2,1,5,1959
sada,shbe,3,2,1,5,1959
shbe,sada,3,2,1,5,1959
dicr,jogot,3,2,1,5,1959
jogot,dicr,3,2,1,5,1959
dicr,peay,3,2,1,5,1959
peay,dicr,3,2,1,5,1959
dicr,bepe,3,2,1,5,1959
bepe,dicr,3,2,1,5,1959
dicr,frgum,3,2,1,5,1959
frgum,dicr,3,2,1,5,1959
dicr,shbe,3,2,1,5,1959
shbe,dicr,3,2,1,5,1959
jogot,peay,3,2,1,5,1959
peay,jogot,3,2,1,5,1959
jogot,bepe,3,2,1,5,1959
bepe,jogot,3,2,1,5,1959
jogot,frgum,3,2,1,5,1959
frgum,jogot,3,2,1,5,1959
jogot,shbe,3,2,1,5,1959
shbe,jogot,3,2,1,5,1959
peay,bepe,3,2,1,5,1959
bepe,peay,3,2,1,5,1959
peay,frgum,3,2,1,5,1959
frgum,peay,3,2,1,5,1959
peay,shbe,3,2,1,5,1959
shbe,peay,3,2,1,5,1959
bepe,frgum,3,2,1,5,1959
frgum,bepe,3,2,1,5,1959
bepe,shbe,3,2,1,5,1959
shbe,bepe,3,2,1,5,1959
frgum,shbe,3,2,1,5,1959
shbe,frgum,3,2,1,5,1959
gafa,bofa,3,2,1,4,1931
gafa,cofa,3,2,1,4,1931
gafa,gefa,3,2,1,4,1931
bofa,gafa,3,2,1,4,1931
cofa,gafa,3,2,1,4,1931
gefa,gafa,3,2,1,4,1931
gefa,gefa,3,2,1,4,1931
gefa,lufa,3,2,1,4,1931
fifa,bofa,3,2,2,4,1931
fifa,cofa,3,2,2,4,1931
fifa,gafa,3,2,2,4,1931
fifa,gefa,3,2,2,4,1931
fifa,lufa,3,2,2,4,1931
bofa,fifa,3,2,2,4,1931
cofa,fifa,3,2,2,4,1931
gafa,fifa,3,2,2,4,1931
gefa,fifa,3,2,2,4,1931
lufa,fifa,3,2,2,4,1931
gifa,cono,3,2,2,4,1930
cono,gifa,3,2,2,4,1930
gifa,lufa,3,2,2,4,1930
gifa,bafa,3,2,2,4,1930
gifa,brfa,3,2,2,4,1930
gifa,cifa,3,2,2,4,1930
gifa,defa,3,2,2,4,1930
gifa,gefa,3,2,2,4,1930
gifa,mafa,3,2,2,4,1930
gifa,drafa,3,2,2,4,1930
gifa,trfa,3,2,2,4,1930
lufa,gifa,3,2,2,4,1930
bafa,gifa,3,2,2,4,1930
brfa,gifa,3,2,2,4,1930
cifa,gifa,3,2,2,4,1930
defa,gifa,3,2,2,4,1930
gefa,gifa,3,2,2,4,1930
mafa,gifa,3,2,2,4,1930
drafa,gifa,3,2,2,4,1930
trfa,gifa,3,2,2,4,1930
gifa,vigi,3,2,2,4,1920
vigi,gifa,3,2,2,4,1920
gifa,frag,3,2,2,4,1927
frag,gifa,3,2,2,4,1927
gifa,jovi,3,2,2,4,1950
jovi,gifa,3,2,2,4,1950
gifa,angi,3,2,2,4,1960
angi,gifa,3,2,2,4,1960
gifa,matr,3,2,2,4,1982
matr,gifa,3,2,2,4,1982
bafa,lufa,3,2,2,4,1930
bafa,brfa,3,2,2,4,1930
bafa,cifa,3,2,2,4,1930
bafa,defa,3,2,2,4,1930
bafa,gefa,3,2,2,4,1930
bafa,mafa,3,2,2,4,1930
bafa,trfa,3,2,2,4,1930
lufa,bafa,3,2,2,4,1930
brfa,bafa,3,2,2,4,1930
cifa,bafa,3,2,2,4,1930
defa,bafa,3,2,2,4,1930
gefa,bafa,3,2,2,4,1930
mafa,bafa,3,2,2,4,1930
trfa,bafa,3,2,2,4,1930
bafa,vigu,3,2,2,4,1918
vigu,bafa,3,2,2,4,1918
bafa,pegu,3,2,2,4,1921
pegu,bafa,3,2,2,4,1921
bafa,giva,3,2,2,4,1927
giva,bafa,3,2,2,4,1927
bafa,safe,3,2,2,4,1949
safe,bafa,3,2,2,4,1949
bafa,gial,3,2,2,4,1952
gial,bafa,3,2,2,4,1952
bafa,frba,3,2,2,4,1961
frba,bafa,3,2,2,4,1961
brfa,sasa,3,1,2,4,1911
sasa,brfa,3,1,2,4,1911
brfa,lufa,3,2,2,4,1930
brfa,gifa,3,2,2,4,1930
brfa,bafa,3,2,2,4,1930
brfa,cifa,3,2,2,4,1930
brfa,defa,3,2,2,4,1930
brfa,gefa,3,2,2,4,1930
brfa,mafa,3,2,2,4,1930
brfa,drafa,3,2,2,4,1930
brfa,trfa,3,2,2,4,1930
lufa,brfa,3,2,2,4,1930
gifa,brfa,3,2,2,4,1930
bafa,brfa,3,2,2,4,1930
cifa,brfa,3,2,2,4,1930
defa,brfa,3,2,2,4,1930
gefa,brfa,3,2,2,4,1930
mafa,brfa,3,2,2,4,1930
drafa,brfa,3,2,2,4,1930
trfa,brfa,3,2,2,4,1930
brfa,jova,3,2,2,4,1931
jova,brfa,3,2,2,4,1931
brfa,gidov,3,2,2,4,1936
gidov,brfa,3,2,2,4,1936
brfa,giid,3,2,2,4,1946
giid,brfa,3,2,2,4,1946
brfa,anan,3,2,2,4,1959
anan,brfa,3,2,2,4,1959
cifa,lufa,3,2,2,4,1930
cifa,defa,3,2,2,4,1930
cifa,gefa,3,2,2,4,1930
cifa,mafa,3,2,2,4,1930
cifa,drafa,3,2,2,4,1930
cifa,trfa,3,2,2,4,1930
lufa,cifa,3,2,2,4,1930
defa,cifa,3,2,2,4,1930
gefa,cifa,3,2,2,4,1930
mafa,cifa,3,2,2,4,1930
drafa,cifa,3,2,2,4,1930
trfa,cifa,3,2,2,4,1930
cifa,jodig,3,2,2,4,1912
jodig,cifa,3,2,2,4,1912
cifa,jola,3,2,2,4,1931
jola,cifa,3,2,2,4,1931
cifa,chca,3,2,2,4,1934
chca,cifa,3,2,2,4,1934
cifa,chbi,3,2,2,4,1939
chbi,cifa,3,2,2,4,1939
cifa,angiz,3,2,2,4,1950
angiz,cifa,3,2,2,4,1950
cifa,nici,3,2,2,4,1953
nici,cifa,3,2,2,4,1953
cono,cofa,3,2,2,4,1930
cono,lufa,3,2,2,4,1930
cono,gifa,3,2,2,4,1930
cono,bafa,3,2,2,4,1930
cono,brfa,3,2,2,4,1930
cono,cifa,3,2,2,4,1930
cono,defa,3,2,2,4,1930
cono,gefa,3,2,2,4,1930
cono,mafa,3,2,2,4,1930
cono,drafa,3,2,2,4,1930
cono,trfa,3,2,2,4,1930
cofa,cono,3,2,2,4,1930
lufa,cono,3,2,2,4,1930
gifa,cono,3,2,2,4,1930
bafa,cono,3,2,2,4,1930
brfa,cono,3,2,2,4,1930
cifa,cono,3,2,2,4,1930
defa,cono,3,2,2,4,1930
gefa,cono,3,2,2,4,1930
mafa,cono,3,2,2,4,1930
drafa,cono,3,2,2,4,1930
trfa,cono,3,2,2,4,1930
mafa,cogi,3,2,2,4,1922
cogi,mafa,3,2,2,4,1922
mafa,frto,3,2,2,4,1944
frto,mafa,3,2,2,4,1944
mafa,syca,3,2,2,4,1944
syca,mafa,3,2,2,4,1944
mafa,cama,3,2,2,4,1947
cama,mafa,3,2,2,4,1947
mafa,lufa,3,2,2,4,1930
mafa,defa,3,2,2,4,1930
mafa,gefa,3,2,2,4,1930
mafa,mafa,3,2,2,4,1930
mafa,drafa,3,2,2,4,1930
mafa,trfa,3,2,2,4,1930
lufa,mafa,3,2,2,4,1930
defa,mafa,3,2,2,4,1930
gefa,mafa,3,2,2,4,1930
mafa,mafa,3,2,2,4,1930
drafa,mafa,3,2,2,4,1930
trfa,mafa,3,2,2,4,1930
drafa,giar,3,2,2,4,1905
giar,drafa,3,2,2,4,1905
drafa,igdr,3,2,2,4,1931
igdr,drafa,3,2,2,4,1931
drafa,frdes,3,2,2,4,1956
frdes,drafa,3,2,2,4,1956
drafa,nili,3,2,2,4,1967
nili,drafa,3,2,2,4,1967
drafa,dobr,3,2,2,4,1974
dobr,drafa,3,2,2,4,1974
drafa,pemi,3,2,2,4,1984
pemi,drafa,3,2,2,4,1984
lufa,drafa,3,2,2,4,1930
defa,drafa,3,2,2,4,1930
gefa,drafa,3,2,2,4,1930
mafa,drafa,3,2,2,4,1930
drafa,drafa,3,2,2,4,1930
trfa,drafa,3,2,2,4,1930
drafa,lufa,3,2,2,4,1930
drafa,defa,3,2,2,4,1930
drafa,gefa,3,2,2,4,1930
drafa,mafa,3,2,2,4,1930
drafa,drafa,3,2,2,4,1930
drafa,trfa,3,2,2,4,1930
trfa,igan,3,2,2,4,1920
igan,trfa,3,2,2,4,1920
trfa,satrs,3,2,2,4,1940
satrs,trfa,3,2,2,4,1940
trfa,satr,3,2,2,4,1954
satr,trfa,3,2,2,4,1954
trfa,lufa,3,2,2,4,1930
trfa,defa,3,2,2,4,1930
trfa,gefa,3,2,2,4,1930
trfa,mafa,3,2,2,4,1930
trfa,drafa,3,2,2,4,1930
lufa,trfa,3,2,2,4,1930
defa,trfa,3,2,2,4,1930
gefa,trfa,3,2,2,4,1930
mafa,trfa,3,2,2,4,1930
drafa,trfa,3,2,2,4,1930